State,District,Crop,Crop_Year,Season,Area,Production,Yield,yield_quintal_ha,yield_efficiency,area_category,State_clean,Season_clean,irrigation_coverage
Telangana,ADILABAD,Rice,2013,Kharif     ,65502.0,175303.0,2.68,0.268,2.6762999603065554,Very Large,TELANGANA,KHARIF,0.5
Telangana,ADILABAD,Rice,2013,Rabi       ,25191.0,73608.0,2.92,0.292,2.921995950934858,Very Large,TELANGANA,RABI,0.5
Telangana,ADILABAD,Rice,2014,Kharif     ,36084.0,81003.0,2.24,0.22400000000000003,2.2448453608247423,Very Large,TELANGANA,KHARIF,0.5
Telangana,ADILABAD,Rice,2014,Rabi       ,13996.0,45123.0,3.22,0.322,3.223992569305516,Very Large,TELANGANA,RABI,0.5
Telangana,ADILABAD,Rice,2015,Kharif     ,42575.0,108571.0,2.55,0.255,2.5501115678214914,Very Large,TELANGANA,KHARIF,0.5
Telangana,ADILABAD,Rice,2015,Rabi       ,14929.0,43025.0,2.88,0.288,2.881974680152723,Very Large,TELANGANA,RABI,0.5
Telangana,ADILABAD,Rice,2016,Kharif     ,1230.0,3174.0,2.58,0.258,2.580487804878049,Very Large,TELANGANA,KHARIF,0.5
Telangana,ADILABAD,Rice,2016,Rabi       ,29.0,110.0,3.79,0.379,3.793103448275862,Small,TELANGANA,RABI,0.5
Telangana,ADILABAD,Rice,2017,Kharif     ,556.0,1334.0,2.4,0.24,2.3992805755395685,Large,TELANGANA,KHARIF,0.5
Telangana,ADILABAD,Rice,2017,Rabi       ,15.0,54.0,3.6,0.36,3.6,Small,TELANGANA,RABI,0.5
Telangana,ADILABAD,Rice,2018,Kharif     ,385.0,1222.0,3.17,0.317,3.174025974025974,Medium,TELANGANA,KHARIF,0.5
Telangana,ADILABAD,Rice,2018,Rabi       ,42.0,143.0,3.4,0.33999999999999997,3.4047619047619047,Small,TELANGANA,RABI,0.5
Telangana,ADILABAD,Rice,2019,Kharif     ,508.0,1846.0,3.63,0.363,3.6338582677165356,Large,TELANGANA,KHARIF,0.5
Telangana,ADILABAD,Rice,2019,Rabi       ,197.0,733.0,3.72,0.372,3.720812182741117,Medium,TELANGANA,RABI,0.5
Telangana,BHADRADRI,Rice,2016,Kharif     ,45862.0,160803.0,3.51,0.351,3.506236099603157,Very Large,TELANGANA,KHARIF,0.5
Telangana,BHADRADRI,Rice,2016,Rabi       ,7531.0,30960.0,4.11,0.41100000000000003,4.111007834284956,Very Large,TELANGANA,RABI,0.5
Telangana,BHADRADRI,Rice,2017,Kharif     ,46629.0,143736.0,3.08,0.308,3.0825451971948787,Very Large,TELANGANA,KHARIF,0.5
Telangana,BHADRADRI,Rice,2017,Rabi       ,7601.0,28648.0,3.77,0.377,3.76897776608341,Very Large,TELANGANA,RABI,0.5
Telangana,BHADRADRI,Rice,2018,Kharif     ,46593.0,153058.0,3.28,0.32799999999999996,3.284999892687743,Very Large,TELANGANA,KHARIF,0.5
Telangana,BHADRADRI,Rice,2018,Rabi       ,7064.0,28722.0,4.07,0.40700000000000003,4.065968289920725,Very Large,TELANGANA,RABI,0.5
Telangana,BHADRADRI,Rice,2019,Kharif     ,57972.0,212583.0,3.67,0.367,3.6669944110950112,Very Large,TELANGANA,KHARIF,0.5
Telangana,BHADRADRI,Rice,2019,Rabi       ,22711.0,74810.0,3.29,0.329,3.2939985029280967,Very Large,TELANGANA,RABI,0.5
Telangana,"HANUMAKONDA
",Rice,2016,Kharif     ,15772.0,54193.0,3.44,0.344,3.436025868627948,Very Large,TELANGANA,KHARIF,0.5
Telangana,"HANUMAKONDA
",Rice,2016,Rabi       ,22198.0,83731.0,3.77,0.377,3.7720064870709074,Very Large,TELANGANA,RABI,0.5
Telangana,"HANUMAKONDA
",Rice,2017,Kharif     ,16651.0,41011.0,2.46,0.246,2.4629751966848836,Very Large,TELANGANA,KHARIF,0.5
Telangana,"HANUMAKONDA
",Rice,2017,Rabi       ,18146.0,76903.0,4.24,0.42400000000000004,4.238013887358095,Very Large,TELANGANA,RABI,0.5
Telangana,"HANUMAKONDA
",Rice,2018,Kharif     ,15384.0,53875.0,3.5,0.35,3.502015080603224,Very Large,TELANGANA,KHARIF,0.5
Telangana,"HANUMAKONDA
",Rice,2018,Rabi       ,13316.0,43676.0,3.28,0.32799999999999996,3.279963953139081,Very Large,TELANGANA,RABI,0.5
Telangana,"HANUMAKONDA
",Rice,2019,Kharif     ,26807.0,93851.0,3.5,0.35,3.500988547767374,Very Large,TELANGANA,KHARIF,0.5
Telangana,"HANUMAKONDA
",Rice,2019,Rabi       ,30042.0,114100.0,3.8,0.38,3.798016110778244,Very Large,TELANGANA,RABI,0.5
Telangana,JAGITIAL,Rice,2016,Kharif     ,39759.0,150647.0,3.79,0.379,3.7890037475791645,Very Large,TELANGANA,KHARIF,0.5
Telangana,JAGITIAL,Rice,2016,Rabi       ,59092.0,221122.0,3.74,0.374,3.7419955323901712,Very Large,TELANGANA,RABI,0.5
Telangana,JAGITIAL,Rice,2017,Kharif     ,43602.0,118554.0,2.72,0.272,2.719003715425898,Very Large,TELANGANA,KHARIF,0.5
Telangana,JAGITIAL,Rice,2017,Rabi       ,48935.0,171273.0,3.5,0.35,3.500010217635639,Very Large,TELANGANA,RABI,0.5
Telangana,JAGITIAL,Rice,2018,Kharif     ,58567.0,248968.0,4.25,0.425,4.250994587395632,Very Large,TELANGANA,KHARIF,0.5
Telangana,JAGITIAL,Rice,2018,Rabi       ,48087.0,181769.0,3.78,0.378,3.7800029113897726,Very Large,TELANGANA,RABI,0.5
Telangana,JAGITIAL,Rice,2019,Kharif     ,92491.0,412140.0,4.46,0.446,4.456001124433729,Very Large,TELANGANA,KHARIF,0.5
Telangana,JAGITIAL,Rice,2019,Rabi       ,102546.0,391623.0,3.82,0.382,3.818998303200515,Very Large,TELANGANA,RABI,0.5
Telangana,JANGOAN,Rice,2016,Kharif     ,20004.0,68734.0,3.44,0.344,3.4360127974405117,Very Large,TELANGANA,KHARIF,0.5
Telangana,JANGOAN,Rice,2016,Rabi       ,34336.0,123884.0,3.61,0.361,3.6079916123019573,Very Large,TELANGANA,RABI,0.5
Telangana,JANGOAN,Rice,2017,Kharif     ,26245.0,65901.0,2.51,0.251,2.510992570013336,Very Large,TELANGANA,KHARIF,0.5
Telangana,JANGOAN,Rice,2017,Rabi       ,25116.0,88634.0,3.53,0.353,3.528985507246377,Very Large,TELANGANA,RABI,0.5
Telangana,JANGOAN,Rice,2018,Kharif     ,22506.0,69814.0,3.1,0.31,3.102017239847152,Very Large,TELANGANA,KHARIF,0.5
Telangana,JANGOAN,Rice,2018,Rabi       ,18949.0,53038.0,2.8,0.27999999999999997,2.798986753918413,Very Large,TELANGANA,RABI,0.5
Telangana,JANGOAN,Rice,2019,Kharif     ,30645.0,97972.0,3.2,0.32,3.196997878936205,Very Large,TELANGANA,KHARIF,0.5
Telangana,JANGOAN,Rice,2019,Rabi       ,46799.0,165949.0,3.55,0.355,3.5459945725336013,Very Large,TELANGANA,RABI,0.5
Telangana,JAYASHANKAR,Rice,2016,Kharif     ,62937.0,213267.0,3.39,0.339,3.388579055245722,Very Large,TELANGANA,KHARIF,0.5
Telangana,JAYASHANKAR,Rice,2016,Rabi       ,24331.0,88395.0,3.63,0.363,3.633019604619621,Very Large,TELANGANA,RABI,0.5
Telangana,JAYASHANKAR,Rice,2017,Kharif     ,59970.0,148281.0,2.47,0.24700000000000003,2.4725862931465734,Very Large,TELANGANA,KHARIF,0.5
Telangana,JAYASHANKAR,Rice,2017,Rabi       ,24906.0,87096.0,3.5,0.35,3.496988677427126,Very Large,TELANGANA,RABI,0.5
Telangana,JAYASHANKAR,Rice,2018,Kharif     ,27081.0,98737.0,3.65,0.365,3.6459879620398064,Very Large,TELANGANA,KHARIF,0.5
Telangana,JAYASHANKAR,Rice,2018,Rabi       ,11331.0,37664.0,3.32,0.33199999999999996,3.3239784661547964,Very Large,TELANGANA,RABI,0.5
Telangana,JAYASHANKAR,Rice,2019,Kharif     ,33296.0,106814.0,3.21,0.321,3.208012974531475,Very Large,TELANGANA,KHARIF,0.5
Telangana,JAYASHANKAR,Rice,2019,Rabi       ,25912.0,93024.0,3.59,0.359,3.5899969126273543,Very Large,TELANGANA,RABI,0.5
Telangana,JOGULAMBA,Rice,2016,Kharif     ,15493.0,39019.0,2.52,0.252,2.518492222293939,Very Large,TELANGANA,KHARIF,0.5
Telangana,JOGULAMBA,Rice,2016,Rabi       ,6546.0,17393.0,2.66,0.266,2.6570424686831653,Very Large,TELANGANA,RABI,0.5
Telangana,JOGULAMBA,Rice,2017,Kharif     ,17677.0,40241.0,2.28,0.22799999999999998,2.2764609379419585,Very Large,TELANGANA,KHARIF,0.5
Telangana,JOGULAMBA,Rice,2017,Rabi       ,8373.0,21301.0,2.54,0.254,2.544010509972531,Very Large,TELANGANA,RABI,0.5
Telangana,JOGULAMBA,Rice,2018,Kharif     ,21127.0,54233.0,2.57,0.257,2.566999574004828,Very Large,TELANGANA,KHARIF,0.5
Telangana,JOGULAMBA,Rice,2018,Rabi       ,6277.0,17645.0,2.81,0.281,2.8110562370559182,Very Large,TELANGANA,RABI,0.5
Telangana,JOGULAMBA,Rice,2019,Kharif     ,27604.0,87891.0,3.18,0.318,3.1839950731778,Very Large,TELANGANA,KHARIF,0.5
Telangana,JOGULAMBA,Rice,2019,Rabi       ,17810.0,56458.0,3.17,0.317,3.1700168444693992,Very Large,TELANGANA,RABI,0.5
Telangana,KAMAREDDY,Rice,2016,Kharif     ,35357.0,139448.0,3.94,0.394,3.9439997737364596,Very Large,TELANGANA,KHARIF,0.5
Telangana,KAMAREDDY,Rice,2016,Rabi       ,44593.0,172486.0,3.87,0.387,3.868006189312224,Very Large,TELANGANA,RABI,0.5
Telangana,KAMAREDDY,Rice,2017,Kharif     ,54599.0,165648.0,3.03,0.303,3.033901719811718,Very Large,TELANGANA,KHARIF,0.5
Telangana,KAMAREDDY,Rice,2017,Rabi       ,39332.0,149540.0,3.8,0.38,3.801993287908065,Very Large,TELANGANA,RABI,0.5
Telangana,KAMAREDDY,Rice,2018,Kharif     ,54663.0,232427.0,4.25,0.425,4.251998609662843,Very Large,TELANGANA,KHARIF,0.5
Telangana,KAMAREDDY,Rice,2018,Rabi       ,23451.0,88082.0,3.76,0.376,3.7560018762526117,Very Large,TELANGANA,RABI,0.5
Telangana,KAMAREDDY,Rice,2019,Kharif     ,84732.0,382141.0,4.51,0.45099999999999996,4.509996223386678,Very Large,TELANGANA,KHARIF,0.5
Telangana,KAMAREDDY,Rice,2019,Rabi       ,74463.0,309096.0,4.15,0.41500000000000004,4.151001168365497,Very Large,TELANGANA,RABI,0.5
Telangana,KARIMNAGAR,Rice,2013,Kharif     ,209454.0,732042.0,3.5,0.35,3.495001289065857,Very Large,TELANGANA,KHARIF,0.5
Telangana,KARIMNAGAR,Rice,2013,Rabi       ,208458.0,768793.0,3.69,0.369,3.6879995010985427,Very Large,TELANGANA,RABI,0.5
Telangana,KARIMNAGAR,Rice,2014,Kharif     ,179282.0,632136.0,3.53,0.353,3.525931214511217,Very Large,TELANGANA,KHARIF,0.5
Telangana,KARIMNAGAR,Rice,2014,Rabi       ,99151.0,358827.0,3.62,0.362,3.6189952698409495,Very Large,TELANGANA,RABI,0.5
Telangana,KARIMNAGAR,Rice,2015,Kharif     ,116345.0,381263.0,3.28,0.32799999999999996,3.277003738880055,Very Large,TELANGANA,KHARIF,0.5
Telangana,KARIMNAGAR,Rice,2015,Rabi       ,54053.0,172699.0,3.19,0.319,3.1949938023791464,Very Large,TELANGANA,RABI,0.5
Telangana,KARIMNAGAR,Rice,2016,Kharif     ,33075.0,125321.0,3.79,0.379,3.788994708994709,Very Large,TELANGANA,KHARIF,0.5
Telangana,KARIMNAGAR,Rice,2016,Rabi       ,61906.0,262172.0,4.24,0.42400000000000004,4.235001453817078,Very Large,TELANGANA,RABI,0.5
Telangana,KARIMNAGAR,Rice,2017,Kharif     ,46710.0,135833.0,2.91,0.29100000000000004,2.908006850781417,Very Large,TELANGANA,KHARIF,0.5
Telangana,KARIMNAGAR,Rice,2017,Rabi       ,55178.0,232575.0,4.21,0.421,4.214995106745442,Very Large,TELANGANA,RABI,0.5
Telangana,KARIMNAGAR,Rice,2018,Kharif     ,54612.0,207034.0,3.79,0.379,3.7909983153885594,Very Large,TELANGANA,KHARIF,0.5
Telangana,KARIMNAGAR,Rice,2018,Rabi       ,48707.0,179437.0,3.68,0.368,3.6840084587430963,Very Large,TELANGANA,RABI,0.5
Telangana,KARIMNAGAR,Rice,2019,Kharif     ,79406.0,267201.0,3.36,0.33599999999999997,3.36499760723371,Very Large,TELANGANA,KHARIF,0.5
Telangana,KARIMNAGAR,Rice,2019,Rabi       ,89721.0,350809.0,3.91,0.391,3.9099987739771067,Very Large,TELANGANA,RABI,0.5
Telangana,KHAMMAM,Rice,2013,Kharif     ,148142.0,432575.0,2.92,0.292,2.9200024301008494,Very Large,TELANGANA,KHARIF,0.5
Telangana,KHAMMAM,Rice,2013,Rabi       ,43642.0,142709.0,3.27,0.327,3.2699922093396268,Very Large,TELANGANA,RABI,0.5
Telangana,KHAMMAM,Rice,2014,Kharif     ,110439.0,328435.0,2.97,0.29700000000000004,2.9739041461802445,Very Large,TELANGANA,KHARIF,0.5
Telangana,KHAMMAM,Rice,2014,Rabi       ,35269.0,127744.0,3.62,0.362,3.621990983583317,Very Large,TELANGANA,RABI,0.5
Telangana,KHAMMAM,Rice,2015,Kharif     ,109579.0,337054.0,3.08,0.308,3.0758995792989534,Very Large,TELANGANA,KHARIF,0.5
Telangana,KHAMMAM,Rice,2015,Rabi       ,12143.0,32288.0,2.66,0.266,2.658980482582558,Very Large,TELANGANA,RABI,0.5
Telangana,KHAMMAM,Rice,2016,Kharif     ,37999.0,135788.0,3.57,0.357,3.573462459538409,Very Large,TELANGANA,KHARIF,0.5
Telangana,KHAMMAM,Rice,2016,Rabi       ,30735.0,124661.0,4.06,0.40599999999999997,4.055994794208557,Very Large,TELANGANA,RABI,0.5
Telangana,KHAMMAM,Rice,2017,Kharif     ,56206.0,153450.0,2.73,0.273,2.730135572714657,Very Large,TELANGANA,KHARIF,0.5
Telangana,KHAMMAM,Rice,2017,Rabi       ,51130.0,192913.0,3.77,0.377,3.772990416585175,Very Large,TELANGANA,RABI,0.5
Telangana,KHAMMAM,Rice,2018,Kharif     ,82437.0,295619.0,3.59,0.359,3.5859990053010176,Very Large,TELANGANA,KHARIF,0.5
Telangana,KHAMMAM,Rice,2018,Rabi       ,31843.0,99255.0,3.12,0.312,3.117011588104136,Very Large,TELANGANA,RABI,0.5
Telangana,KHAMMAM,Rice,2019,Kharif     ,92196.0,335225.0,3.64,0.364,3.636003731181396,Very Large,TELANGANA,KHARIF,0.5
Telangana,KHAMMAM,Rice,2019,Rabi       ,82093.0,318849.0,3.88,0.388,3.8839974175630076,Very Large,TELANGANA,RABI,0.5
Telangana,KOMARAM BHEEM ASIFABAD,Rice,2016,Kharif     ,11980.0,32619.0,2.72,0.272,2.722787979966611,Very Large,TELANGANA,KHARIF,0.5
Telangana,KOMARAM BHEEM ASIFABAD,Rice,2016,Rabi       ,2836.0,7297.0,2.57,0.257,2.5729901269393514,Very Large,TELANGANA,RABI,0.5
Telangana,KOMARAM BHEEM ASIFABAD,Rice,2017,Kharif     ,7311.0,13071.0,1.79,0.179,1.7878539187525646,Very Large,TELANGANA,KHARIF,0.5
Telangana,KOMARAM BHEEM ASIFABAD,Rice,2017,Rabi       ,2263.0,6158.0,2.72,0.272,2.7211665930181175,Very Large,TELANGANA,RABI,0.5
Telangana,KOMARAM BHEEM ASIFABAD,Rice,2018,Kharif     ,11774.0,24619.0,2.09,0.209,2.090963139120095,Very Large,TELANGANA,KHARIF,0.5
Telangana,KOMARAM BHEEM ASIFABAD,Rice,2018,Rabi       ,2737.0,6424.0,2.35,0.23500000000000001,2.3470953598830837,Very Large,TELANGANA,RABI,0.5
Telangana,KOMARAM BHEEM ASIFABAD,Rice,2019,Kharif     ,24201.0,67787.0,2.8,0.27999999999999997,2.800999958679393,Very Large,TELANGANA,KHARIF,0.5
Telangana,KOMARAM BHEEM ASIFABAD,Rice,2019,Rabi       ,5026.0,15063.0,3.0,0.3,2.9970155192996417,Very Large,TELANGANA,RABI,0.5
Telangana,MAHABUBABAD,Rice,2016,Kharif     ,29989.0,102569.0,3.42,0.34199999999999997,3.420220747607456,Very Large,TELANGANA,KHARIF,0.5
Telangana,MAHABUBABAD,Rice,2016,Rabi       ,17792.0,56952.0,3.2,0.32,3.2009892086330933,Very Large,TELANGANA,RABI,0.5
Telangana,MAHABUBABAD,Rice,2017,Kharif     ,36342.0,85729.0,2.36,0.236,2.358951075890155,Very Large,TELANGANA,KHARIF,0.5
Telangana,MAHABUBABAD,Rice,2017,Rabi       ,16660.0,54895.0,3.3,0.32999999999999996,3.295018007202881,Very Large,TELANGANA,RABI,0.5
Telangana,MAHABUBABAD,Rice,2018,Kharif     ,39461.0,123355.0,3.13,0.313,3.12599782063303,Very Large,TELANGANA,KHARIF,0.5
Telangana,MAHABUBABAD,Rice,2018,Rabi       ,14264.0,49853.0,3.5,0.35,3.4950224340998317,Very Large,TELANGANA,RABI,0.5
Telangana,MAHABUBABAD,Rice,2019,Kharif     ,46834.0,157409.0,3.36,0.33599999999999997,3.360998419951317,Very Large,TELANGANA,KHARIF,0.5
Telangana,MAHABUBABAD,Rice,2019,Rabi       ,46056.0,155301.0,3.37,0.337,3.3720036477331945,Very Large,TELANGANA,RABI,0.5
Telangana,MAHBUBNAGAR,Rice,2013,Kharif     ,103744.0,301561.0,2.91,0.29100000000000004,2.906780151141271,Very Large,TELANGANA,KHARIF,0.5
Telangana,MAHBUBNAGAR,Rice,2013,Rabi       ,64886.0,177139.0,2.73,0.273,2.7300033905619085,Very Large,TELANGANA,RABI,0.5
Telangana,MAHBUBNAGAR,Rice,2014,Kharif     ,111302.0,282357.0,2.54,0.254,2.536854683653483,Very Large,TELANGANA,KHARIF,0.5
Telangana,MAHBUBNAGAR,Rice,2014,Rabi       ,49468.0,135740.0,2.74,0.274,2.743996118703,Very Large,TELANGANA,RABI,0.5
Telangana,MAHBUBNAGAR,Rice,2015,Kharif     ,66075.0,149451.0,2.26,0.22599999999999998,2.261838819523269,Very Large,TELANGANA,KHARIF,0.5
Telangana,MAHBUBNAGAR,Rice,2015,Rabi       ,30203.0,65571.0,2.17,0.217,2.1710095023673146,Very Large,TELANGANA,RABI,0.5
Telangana,MAHBUBNAGAR,Rice,2016,Kharif     ,32691.0,92029.0,2.82,0.282,2.815117310574776,Very Large,TELANGANA,KHARIF,0.5
Telangana,MAHBUBNAGAR,Rice,2016,Rabi       ,19638.0,50136.0,2.55,0.255,2.553009471432936,Very Large,TELANGANA,RABI,0.5
Telangana,MAHBUBNAGAR,Rice,2017,Kharif     ,31129.0,60217.0,1.93,0.193,1.934434128947284,Very Large,TELANGANA,KHARIF,0.5
Telangana,MAHBUBNAGAR,Rice,2017,Rabi       ,27990.0,82682.0,2.95,0.29500000000000004,2.9539835655591284,Very Large,TELANGANA,RABI,0.5
Telangana,MAHBUBNAGAR,Rice,2018,Kharif     ,11792.0,28749.0,2.44,0.244,2.43800881953867,Very Large,TELANGANA,KHARIF,0.5
Telangana,MAHBUBNAGAR,Rice,2018,Rabi       ,6839.0,17727.0,2.59,0.259,2.5920456207047815,Very Large,TELANGANA,RABI,0.5
Telangana,MAHBUBNAGAR,Rice,2019,Kharif     ,13972.0,48385.0,3.46,0.346,3.462997423418265,Very Large,TELANGANA,KHARIF,0.5
Telangana,MAHBUBNAGAR,Rice,2019,Rabi       ,17109.0,56682.0,3.31,0.331,3.3129931614939507,Very Large,TELANGANA,RABI,0.5
Telangana,MANCHERIAL,Rice,2016,Kharif     ,27651.0,85954.0,3.11,0.311,3.108531337022169,Very Large,TELANGANA,KHARIF,0.5
Telangana,MANCHERIAL,Rice,2016,Rabi       ,14572.0,53989.0,3.7,0.37,3.7049821575624486,Very Large,TELANGANA,RABI,0.5
Telangana,MANCHERIAL,Rice,2017,Kharif     ,29897.0,56949.0,1.9,0.19,1.9048399504967053,Very Large,TELANGANA,KHARIF,0.5
Telangana,MANCHERIAL,Rice,2017,Rabi       ,17437.0,64622.0,3.71,0.371,3.706027412972415,Very Large,TELANGANA,RABI,0.5
Telangana,MANCHERIAL,Rice,2018,Kharif     ,39549.0,127625.0,3.23,0.323,3.2270095324786974,Very Large,TELANGANA,KHARIF,0.5
Telangana,MANCHERIAL,Rice,2018,Rabi       ,20738.0,75860.0,3.66,0.366,3.6580190953804608,Very Large,TELANGANA,RABI,0.5
Telangana,MANCHERIAL,Rice,2019,Kharif     ,65137.0,174176.0,2.67,0.267,2.6739948109369482,Very Large,TELANGANA,KHARIF,0.5
Telangana,MANCHERIAL,Rice,2019,Rabi       ,38616.0,164002.0,4.25,0.425,4.246996063807748,Very Large,TELANGANA,RABI,0.5
Telangana,MEDAK,Rice,2013,Kharif     ,108639.0,393985.0,3.63,0.363,3.626552158985263,Very Large,TELANGANA,KHARIF,0.5
Telangana,MEDAK,Rice,2013,Rabi       ,62331.0,230500.0,3.7,0.37,3.6979993903515105,Very Large,TELANGANA,RABI,0.5
Telangana,MEDAK,Rice,2014,Kharif     ,73983.0,234342.0,3.17,0.317,3.1675114553343335,Very Large,TELANGANA,KHARIF,0.5
Telangana,MEDAK,Rice,2014,Rabi       ,36910.0,128742.0,3.49,0.34900000000000003,3.4879978325657004,Very Large,TELANGANA,RABI,0.5
Telangana,MEDAK,Rice,2015,Kharif     ,61512.0,174884.0,2.84,0.284,2.8430875276368837,Very Large,TELANGANA,KHARIF,0.5
Telangana,MEDAK,Rice,2015,Rabi       ,22659.0,64895.0,2.86,0.286,2.863983406152081,Very Large,TELANGANA,RABI,0.5
Telangana,MEDAK,Rice,2016,Kharif     ,31715.0,97175.0,3.06,0.306,3.0640075673971308,Very Large,TELANGANA,KHARIF,0.5
Telangana,MEDAK,Rice,2016,Rabi       ,45504.0,187795.0,4.13,0.413,4.12699982419128,Very Large,TELANGANA,RABI,0.5
Telangana,MEDAK,Rice,2017,Kharif     ,45317.0,130422.0,2.88,0.288,2.877992806231657,Very Large,TELANGANA,KHARIF,0.5
Telangana,MEDAK,Rice,2017,Rabi       ,32224.0,110915.0,3.44,0.344,3.441999751737835,Very Large,TELANGANA,RABI,0.5
Telangana,MEDAK,Rice,2018,Kharif     ,31269.0,108722.0,3.48,0.348,3.4769899900860275,Very Large,TELANGANA,KHARIF,0.5
Telangana,MEDAK,Rice,2018,Rabi       ,11881.0,38233.0,3.22,0.322,3.217995118256039,Very Large,TELANGANA,RABI,0.5
Telangana,MEDAK,Rice,2019,Kharif     ,48432.0,212181.0,4.38,0.438,4.381008424182359,Very Large,TELANGANA,KHARIF,0.5
Telangana,MEDAK,Rice,2019,Rabi       ,31649.0,118399.0,3.74,0.374,3.7410028752883187,Very Large,TELANGANA,RABI,0.5
Telangana,MEDCHAL MALKAJGIRI,Rice,2016,Kharif     ,1907.0,5015.0,2.63,0.263,2.629785002621919,Very Large,TELANGANA,KHARIF,0.5
Telangana,MEDCHAL MALKAJGIRI,Rice,2016,Rabi       ,4522.0,17577.0,3.89,0.389,3.886996904024768,Very Large,TELANGANA,RABI,0.5
Telangana,MEDCHAL MALKAJGIRI,Rice,2017,Kharif     ,4844.0,16005.0,3.3,0.32999999999999996,3.3040875309661435,Very Large,TELANGANA,KHARIF,0.5
Telangana,MEDCHAL MALKAJGIRI,Rice,2017,Rabi       ,4552.0,17898.0,3.93,0.393,3.9318980667838312,Very Large,TELANGANA,RABI,0.5
Telangana,MEDCHAL MALKAJGIRI,Rice,2018,Kharif     ,4032.0,16757.0,4.16,0.41600000000000004,4.156001984126984,Very Large,TELANGANA,KHARIF,0.5
Telangana,MEDCHAL MALKAJGIRI,Rice,2018,Rabi       ,2702.0,9084.0,3.36,0.33599999999999997,3.361954108068098,Very Large,TELANGANA,RABI,0.5
Telangana,MEDCHAL MALKAJGIRI,Rice,2019,Kharif     ,5139.0,20191.0,3.93,0.393,3.9289745086592722,Very Large,TELANGANA,KHARIF,0.5
Telangana,MEDCHAL MALKAJGIRI,Rice,2019,Rabi       ,3877.0,13360.0,3.45,0.34500000000000003,3.4459633737425843,Very Large,TELANGANA,RABI,0.5
Telangana,MULUGU,Rice,2018,Kharif     ,35880.0,130818.0,3.65,0.365,3.6459866220735786,Very Large,TELANGANA,KHARIF,0.5
Telangana,MULUGU,Rice,2018,Rabi       ,13416.0,44595.0,3.32,0.33199999999999996,3.324016100178891,Very Large,TELANGANA,RABI,0.5
Telangana,MULUGU,Rice,2019,Kharif     ,38066.0,130186.0,3.42,0.34199999999999997,3.420007355645458,Very Large,TELANGANA,KHARIF,0.5
Telangana,MULUGU,Rice,2019,Rabi       ,16336.0,62502.0,3.83,0.383,3.826028403525955,Very Large,TELANGANA,RABI,0.5
Telangana,NAGARKURNOOL,Rice,2016,Kharif     ,7727.0,21549.0,2.79,0.279,2.7887925456192573,Very Large,TELANGANA,KHARIF,0.5
Telangana,NAGARKURNOOL,Rice,2016,Rabi       ,11482.0,26776.0,2.33,0.233,2.331997909771817,Very Large,TELANGANA,RABI,0.5
Telangana,NAGARKURNOOL,Rice,2017,Kharif     ,8272.0,18074.0,2.18,0.21800000000000003,2.1849613152804643,Very Large,TELANGANA,KHARIF,0.5
Telangana,NAGARKURNOOL,Rice,2017,Rabi       ,17634.0,55917.0,3.17,0.317,3.1709765226267437,Very Large,TELANGANA,RABI,0.5
Telangana,NAGARKURNOOL,Rice,2018,Kharif     ,15792.0,37538.0,2.38,0.238,2.3770263424518743,Very Large,TELANGANA,KHARIF,0.5
Telangana,NAGARKURNOOL,Rice,2018,Rabi       ,16758.0,44560.0,2.66,0.266,2.6590285236901776,Very Large,TELANGANA,RABI,0.5
Telangana,NAGARKURNOOL,Rice,2019,Kharif     ,24324.0,80975.0,3.33,0.333,3.3290166091103437,Very Large,TELANGANA,KHARIF,0.5
Telangana,NAGARKURNOOL,Rice,2019,Rabi       ,36066.0,124752.0,3.46,0.346,3.4589918482781568,Very Large,TELANGANA,RABI,0.5
Telangana,NALGONDA,Rice,2013,Kharif     ,192185.0,546190.0,2.84,0.284,2.842001196763535,Very Large,TELANGANA,KHARIF,0.5
Telangana,NALGONDA,Rice,2013,Rabi       ,201558.0,659095.0,3.27,0.327,3.2700016868593655,Very Large,TELANGANA,RABI,0.5
Telangana,NALGONDA,Rice,2014,Kharif     ,177458.0,549765.0,3.1,0.31,3.098000653675799,Very Large,TELANGANA,KHARIF,0.5
Telangana,NALGONDA,Rice,2014,Rabi       ,145917.0,491594.0,3.37,0.337,3.3689974437522703,Very Large,TELANGANA,RABI,0.5
Telangana,NALGONDA,Rice,2015,Kharif     ,127904.0,390235.0,3.05,0.305,3.050999186890168,Very Large,TELANGANA,KHARIF,0.5
Telangana,NALGONDA,Rice,2015,Rabi       ,84826.0,230218.0,2.71,0.271,2.7140027821658452,Very Large,TELANGANA,RABI,0.5
Telangana,NALGONDA,Rice,2016,Kharif     ,56261.0,189543.0,3.37,0.337,3.3689945077407084,Very Large,TELANGANA,KHARIF,0.5
Telangana,NALGONDA,Rice,2016,Rabi       ,81289.0,285324.0,3.51,0.351,3.5099952023028944,Very Large,TELANGANA,RABI,0.5
Telangana,NALGONDA,Rice,2017,Kharif     ,63661.0,170548.0,2.68,0.268,2.6790028431849957,Very Large,TELANGANA,KHARIF,0.5
Telangana,NALGONDA,Rice,2017,Rabi       ,97074.0,307336.0,3.17,0.317,3.1659970743968517,Very Large,TELANGANA,RABI,0.5
Telangana,NALGONDA,Rice,2018,Kharif     ,93564.0,290703.0,3.11,0.311,3.1069962806207516,Very Large,TELANGANA,KHARIF,0.5
Telangana,NALGONDA,Rice,2018,Rabi       ,86191.0,283655.0,3.29,0.329,3.291004861296423,Very Large,TELANGANA,RABI,0.5
Telangana,NALGONDA,Rice,2019,Kharif     ,129052.0,445100.0,3.45,0.34500000000000003,3.448997303412578,Very Large,TELANGANA,KHARIF,0.5
Telangana,NALGONDA,Rice,2019,Rabi       ,148819.0,512086.0,3.44,0.344,3.4409987971965945,Very Large,TELANGANA,RABI,0.5
Telangana,NARAYANAPET,Rice,2018,Kharif     ,19629.0,47856.0,2.44,0.244,2.4380253706250956,Very Large,TELANGANA,KHARIF,0.5
Telangana,NARAYANAPET,Rice,2018,Rabi       ,10892.0,28232.0,2.59,0.259,2.5919941241278,Very Large,TELANGANA,RABI,0.5
Telangana,NARAYANAPET,Rice,2019,Kharif     ,33896.0,107416.0,3.17,0.317,3.168987491149398,Very Large,TELANGANA,KHARIF,0.5
Telangana,NARAYANAPET,Rice,2019,Rabi       ,26102.0,87885.0,3.37,0.337,3.366983372921615,Very Large,TELANGANA,RABI,0.5
Telangana,NIRMAL,Rice,2016,Kharif     ,20477.0,63822.0,3.12,0.312,3.1167651511451875,Very Large,TELANGANA,KHARIF,0.5
Telangana,NIRMAL,Rice,2016,Rabi       ,17116.0,51776.0,3.03,0.303,3.0250058424865625,Very Large,TELANGANA,RABI,0.5
Telangana,NIRMAL,Rice,2017,Kharif     ,20313.0,48406.0,2.38,0.238,2.3830059567764486,Very Large,TELANGANA,KHARIF,0.5
Telangana,NIRMAL,Rice,2017,Rabi       ,15877.0,59285.0,3.73,0.373,3.734017761541853,Very Large,TELANGANA,RABI,0.5
Telangana,NIRMAL,Rice,2018,Kharif     ,26224.0,84913.0,3.24,0.324,3.237988102501525,Very Large,TELANGANA,KHARIF,0.5
Telangana,NIRMAL,Rice,2018,Rabi       ,17119.0,59043.0,3.45,0.34500000000000003,3.448974823295753,Very Large,TELANGANA,RABI,0.5
Telangana,NIRMAL,Rice,2019,Kharif     ,38778.0,141501.0,3.65,0.365,3.649002011449791,Very Large,TELANGANA,KHARIF,0.5
Telangana,NIRMAL,Rice,2019,Rabi       ,40684.0,157488.0,3.87,0.387,3.8710058008062136,Very Large,TELANGANA,RABI,0.5
Telangana,NIZAMABAD,Rice,2013,Kharif     ,152303.0,622200.0,4.09,0.409,4.085277374706998,Very Large,TELANGANA,KHARIF,0.5
Telangana,NIZAMABAD,Rice,2013,Rabi       ,108509.0,421992.0,3.89,0.389,3.889004598696882,Very Large,TELANGANA,RABI,0.5
Telangana,NIZAMABAD,Rice,2014,Kharif     ,112427.0,404400.0,3.6,0.36,3.5970007204675034,Very Large,TELANGANA,KHARIF,0.5
Telangana,NIZAMABAD,Rice,2014,Rabi       ,56845.0,216125.0,3.8,0.38,3.802005453425983,Very Large,TELANGANA,RABI,0.5
Telangana,NIZAMABAD,Rice,2015,Kharif     ,80451.0,208770.0,2.59,0.259,2.5949957116754296,Very Large,TELANGANA,KHARIF,0.5
Telangana,NIZAMABAD,Rice,2015,Rabi       ,17578.0,54017.0,3.07,0.307,3.0729889634770737,Very Large,TELANGANA,RABI,0.5
Telangana,NIZAMABAD,Rice,2016,Kharif     ,86923.0,342824.0,3.94,0.394,3.943996410616293,Very Large,TELANGANA,KHARIF,0.5
Telangana,NIZAMABAD,Rice,2016,Rabi       ,99099.0,412252.0,4.16,0.41600000000000004,4.1600016145470695,Very Large,TELANGANA,RABI,0.5
Telangana,NIZAMABAD,Rice,2017,Kharif     ,91750.0,322501.0,3.51,0.351,3.51499727520436,Very Large,TELANGANA,KHARIF,0.5
Telangana,NIZAMABAD,Rice,2017,Rabi       ,81531.0,331260.0,4.06,0.40599999999999997,4.0629944438311805,Very Large,TELANGANA,RABI,0.5
Telangana,NIZAMABAD,Rice,2018,Kharif     ,101266.0,425722.0,4.2,0.42000000000000004,4.203997393004562,Very Large,TELANGANA,KHARIF,0.5
Telangana,NIZAMABAD,Rice,2018,Rabi       ,67088.0,265937.0,3.96,0.396,3.9640025041736227,Very Large,TELANGANA,RABI,0.5
Telangana,NIZAMABAD,Rice,2019,Kharif     ,143238.0,594581.0,4.15,0.41500000000000004,4.151000432846033,Very Large,TELANGANA,KHARIF,0.5
Telangana,NIZAMABAD,Rice,2019,Rabi       ,130653.0,526924.0,4.03,0.403,4.033003451891652,Very Large,TELANGANA,RABI,0.5
Telangana,PEDDAPALLI,Rice,2016,Kharif     ,37754.0,143050.0,3.79,0.379,3.789002489802405,Very Large,TELANGANA,KHARIF,0.5
Telangana,PEDDAPALLI,Rice,2016,Rabi       ,58685.0,256160.0,4.36,0.43600000000000005,4.364999573996762,Very Large,TELANGANA,RABI,0.5
Telangana,PEDDAPALLI,Rice,2017,Kharif     ,50069.0,146101.0,2.92,0.292,2.917993169426192,Very Large,TELANGANA,KHARIF,0.5
Telangana,PEDDAPALLI,Rice,2017,Rabi       ,38596.0,157780.0,4.09,0.409,4.0879883925795415,Very Large,TELANGANA,RABI,0.5
Telangana,PEDDAPALLI,Rice,2018,Kharif     ,57805.0,231104.0,4.0,0.4,3.997993253178791,Very Large,TELANGANA,KHARIF,0.5
Telangana,PEDDAPALLI,Rice,2018,Rabi       ,40312.0,157015.0,3.89,0.389,3.8949940464377852,Very Large,TELANGANA,RABI,0.5
Telangana,PEDDAPALLI,Rice,2019,Kharif     ,77960.0,298821.0,3.83,0.383,3.8330041046690613,Very Large,TELANGANA,KHARIF,0.5
Telangana,PEDDAPALLI,Rice,2019,Rabi       ,77967.0,318027.0,4.08,0.40800000000000003,4.078994959405902,Very Large,TELANGANA,RABI,0.5
Telangana,RAJANNA,Rice,2016,Kharif     ,18093.0,68554.0,3.79,0.379,3.788979163212292,Very Large,TELANGANA,KHARIF,0.5
Telangana,RAJANNA,Rice,2016,Rabi       ,36173.0,144186.0,3.99,0.399,3.986011666159843,Very Large,TELANGANA,RABI,0.5
Telangana,RAJANNA,Rice,2017,Kharif     ,22724.0,70513.0,3.1,0.31,3.1030188347121985,Very Large,TELANGANA,KHARIF,0.5
Telangana,RAJANNA,Rice,2017,Rabi       ,22901.0,74062.0,3.23,0.323,3.2340072485917646,Very Large,TELANGANA,RABI,0.5
Telangana,RAJANNA,Rice,2018,Kharif     ,22978.0,85019.0,3.7,0.37,3.7000174079554355,Very Large,TELANGANA,KHARIF,0.5
Telangana,RAJANNA,Rice,2018,Rabi       ,19023.0,67037.0,3.52,0.352,3.5239972664669086,Very Large,TELANGANA,RABI,0.5
Telangana,RAJANNA,Rice,2019,Kharif     ,40746.0,176878.0,4.34,0.434,4.340990526677465,Very Large,TELANGANA,KHARIF,0.5
Telangana,RAJANNA,Rice,2019,Rabi       ,53823.0,212601.0,3.95,0.395,3.950002786912658,Very Large,TELANGANA,RABI,0.5
Telangana,RANGAREDDI,Rice,2013,Kharif     ,27054.0,62711.0,2.32,0.23199999999999998,2.31799364234494,Very Large,TELANGANA,KHARIF,0.5
Telangana,RANGAREDDI,Rice,2013,Rabi       ,17986.0,40163.0,2.23,0.223,2.2330145668853554,Very Large,TELANGANA,RABI,0.5
Telangana,RANGAREDDI,Rice,2014,Kharif     ,23817.0,60376.0,2.53,0.253,2.5349960112524665,Very Large,TELANGANA,KHARIF,0.5
Telangana,RANGAREDDI,Rice,2014,Rabi       ,11065.0,30838.0,2.79,0.279,2.7869859918662447,Very Large,TELANGANA,RABI,0.5
Telangana,RANGAREDDI,Rice,2015,Kharif     ,17116.0,44399.0,2.59,0.259,2.5940056087871,Very Large,TELANGANA,KHARIF,0.5
Telangana,RANGAREDDI,Rice,2015,Rabi       ,7167.0,17007.0,2.37,0.23700000000000002,2.372959397237338,Very Large,TELANGANA,RABI,0.5
Telangana,RANGAREDDI,Rice,2016,Kharif     ,10508.0,27636.0,2.63,0.263,2.629996193376475,Very Large,TELANGANA,KHARIF,0.5
Telangana,RANGAREDDI,Rice,2016,Rabi       ,7903.0,24397.0,3.09,0.309,3.087055548525876,Very Large,TELANGANA,RABI,0.5
Telangana,RANGAREDDI,Rice,2017,Kharif     ,13256.0,32954.0,2.49,0.24900000000000003,2.485968617984309,Very Large,TELANGANA,KHARIF,0.5
Telangana,RANGAREDDI,Rice,2017,Rabi       ,12099.0,37713.0,3.12,0.312,3.117034465658319,Very Large,TELANGANA,RABI,0.5
Telangana,RANGAREDDI,Rice,2018,Kharif     ,13475.0,41651.0,3.09,0.309,3.090983302411874,Very Large,TELANGANA,KHARIF,0.5
Telangana,RANGAREDDI,Rice,2018,Rabi       ,6552.0,12599.0,1.92,0.192,1.922924297924298,Very Large,TELANGANA,RABI,0.5
Telangana,RANGAREDDI,Rice,2019,Kharif     ,14396.0,47507.0,3.3,0.32999999999999996,3.3000138927479856,Very Large,TELANGANA,KHARIF,0.5
Telangana,RANGAREDDI,Rice,2019,Rabi       ,16222.0,44659.0,2.75,0.275,2.7529897669831094,Very Large,TELANGANA,RABI,0.5
Telangana,SANGAREDDY,Rice,2016,Kharif     ,11530.0,35309.0,3.06,0.306,3.0623590633130964,Very Large,TELANGANA,KHARIF,0.5
Telangana,SANGAREDDY,Rice,2016,Rabi       ,14876.0,69173.0,4.65,0.465,4.649973111051358,Very Large,TELANGANA,RABI,0.5
Telangana,SANGAREDDY,Rice,2017,Kharif     ,21040.0,66594.0,3.17,0.317,3.165114068441065,Very Large,TELANGANA,KHARIF,0.5
Telangana,SANGAREDDY,Rice,2017,Rabi       ,18317.0,81437.0,4.45,0.445,4.445979145056505,Very Large,TELANGANA,RABI,0.5
Telangana,SANGAREDDY,Rice,2018,Kharif     ,18058.0,54716.0,3.03,0.303,3.0300143980507253,Very Large,TELANGANA,KHARIF,0.5
Telangana,SANGAREDDY,Rice,2018,Rabi       ,5968.0,16311.0,2.73,0.273,2.733076407506702,Very Large,TELANGANA,RABI,0.5
Telangana,SANGAREDDY,Rice,2019,Kharif     ,22020.0,85526.0,3.88,0.388,3.884014532243415,Very Large,TELANGANA,KHARIF,0.5
Telangana,SANGAREDDY,Rice,2019,Rabi       ,9494.0,29754.0,3.13,0.313,3.1339793553823467,Very Large,TELANGANA,RABI,0.5
Telangana,SIDDIPET,Rice,2016,Kharif     ,22772.0,69773.0,3.06,0.306,3.063982083260144,Very Large,TELANGANA,KHARIF,0.5
Telangana,SIDDIPET,Rice,2016,Rabi       ,48653.0,188482.0,3.87,0.387,3.874005713933365,Very Large,TELANGANA,RABI,0.5
Telangana,SIDDIPET,Rice,2017,Kharif     ,34495.0,113178.0,3.28,0.32799999999999996,3.280997245977678,Very Large,TELANGANA,KHARIF,0.5
Telangana,SIDDIPET,Rice,2017,Rabi       ,45375.0,169884.0,3.74,0.374,3.744,Very Large,TELANGANA,RABI,0.5
Telangana,SIDDIPET,Rice,2018,Kharif     ,34756.0,114764.0,3.3,0.32999999999999996,3.3019910231326963,Very Large,TELANGANA,KHARIF,0.5
Telangana,SIDDIPET,Rice,2018,Rabi       ,29250.0,69908.0,2.39,0.23900000000000002,2.390017094017094,Very Large,TELANGANA,RABI,0.5
Telangana,SIDDIPET,Rice,2019,Kharif     ,49501.0,185183.0,3.74,0.374,3.7409951314114864,Very Large,TELANGANA,KHARIF,0.5
Telangana,SIDDIPET,Rice,2019,Rabi       ,65196.0,247419.0,3.8,0.38,3.795002760905577,Very Large,TELANGANA,RABI,0.5
Telangana,SURYAPET,Rice,2016,Kharif     ,67784.0,228364.0,3.37,0.337,3.368995633187773,Very Large,TELANGANA,KHARIF,0.5
Telangana,SURYAPET,Rice,2016,Rabi       ,73140.0,269740.0,3.69,0.369,3.687995624829095,Very Large,TELANGANA,RABI,0.5
Telangana,SURYAPET,Rice,2017,Kharif     ,67674.0,231648.0,3.42,0.34199999999999997,3.422998492774182,Very Large,TELANGANA,KHARIF,0.5
Telangana,SURYAPET,Rice,2017,Rabi       ,87908.0,328864.0,3.74,0.374,3.7410019565909813,Very Large,TELANGANA,RABI,0.5
Telangana,SURYAPET,Rice,2018,Kharif     ,93032.0,308215.0,3.31,0.331,3.3129998280161663,Very Large,TELANGANA,KHARIF,0.5
Telangana,SURYAPET,Rice,2018,Rabi       ,82472.0,297147.0,3.6,0.36,3.6030046561257154,Very Large,TELANGANA,RABI,0.5
Telangana,SURYAPET,Rice,2019,Kharif     ,127779.0,451315.0,3.53,0.353,3.5319966504668217,Very Large,TELANGANA,KHARIF,0.5
Telangana,SURYAPET,Rice,2019,Rabi       ,152048.0,551630.0,3.63,0.363,3.6279990529306536,Very Large,TELANGANA,RABI,0.5
Telangana,VIKARABAD,Rice,2016,Kharif     ,12082.0,31776.0,2.63,0.263,2.6300281410362523,Very Large,TELANGANA,KHARIF,0.5
Telangana,VIKARABAD,Rice,2016,Rabi       ,8397.0,22235.0,2.65,0.265,2.6479695129212812,Very Large,TELANGANA,RABI,0.5
Telangana,VIKARABAD,Rice,2017,Kharif     ,8845.0,21900.0,2.48,0.248,2.475975127190503,Very Large,TELANGANA,KHARIF,0.5
Telangana,VIKARABAD,Rice,2017,Rabi       ,10641.0,35137.0,3.3,0.32999999999999996,3.3020392820223665,Very Large,TELANGANA,RABI,0.5
Telangana,VIKARABAD,Rice,2018,Kharif     ,10207.0,30192.0,2.96,0.296,2.9579700205741157,Very Large,TELANGANA,KHARIF,0.5
Telangana,VIKARABAD,Rice,2018,Rabi       ,4954.0,14094.0,2.84,0.284,2.8449737585789263,Very Large,TELANGANA,RABI,0.5
Telangana,VIKARABAD,Rice,2019,Kharif     ,11445.0,36475.0,3.19,0.319,3.1869812145041503,Very Large,TELANGANA,KHARIF,0.5
Telangana,VIKARABAD,Rice,2019,Rabi       ,13303.0,47252.0,3.55,0.355,3.5519807562204013,Very Large,TELANGANA,RABI,0.5
Telangana,WANAPARTHY,Rice,2016,Kharif     ,31578.0,88281.0,2.8,0.27999999999999997,2.795648869466084,Very Large,TELANGANA,KHARIF,0.5
Telangana,WANAPARTHY,Rice,2016,Rabi       ,14064.0,40476.0,2.88,0.288,2.877986348122867,Very Large,TELANGANA,RABI,0.5
Telangana,WANAPARTHY,Rice,2017,Kharif     ,34025.0,68751.0,2.02,0.202,2.0206024981631154,Very Large,TELANGANA,KHARIF,0.5
Telangana,WANAPARTHY,Rice,2017,Rabi       ,21826.0,61484.0,2.82,0.282,2.8170072390726655,Very Large,TELANGANA,RABI,0.5
Telangana,WANAPARTHY,Rice,2018,Kharif     ,39617.0,118653.0,3.0,0.3,2.99500214554358,Very Large,TELANGANA,KHARIF,0.5
Telangana,WANAPARTHY,Rice,2018,Rabi       ,19105.0,53838.0,2.82,0.282,2.8180057576550643,Very Large,TELANGANA,RABI,0.5
Telangana,WANAPARTHY,Rice,2019,Kharif     ,55423.0,182508.0,3.29,0.329,3.293001100626094,Very Large,TELANGANA,KHARIF,0.5
Telangana,WANAPARTHY,Rice,2019,Rabi       ,46626.0,154845.0,3.32,0.33199999999999996,3.321001158152104,Very Large,TELANGANA,RABI,0.5
Telangana,WARANGAL,Rice,2013,Kharif     ,159311.0,501478.0,3.15,0.315,3.147792682237887,Very Large,TELANGANA,KHARIF,0.5
Telangana,WARANGAL,Rice,2013,Rabi       ,95542.0,299046.0,3.13,0.313,3.129995185363505,Very Large,TELANGANA,RABI,0.5
Telangana,WARANGAL,Rice,2014,Kharif     ,95515.0,282059.0,2.95,0.29500000000000004,2.9530335549390148,Very Large,TELANGANA,KHARIF,0.5
Telangana,WARANGAL,Rice,2014,Rabi       ,46492.0,155376.0,3.34,0.33399999999999996,3.3419943216037167,Very Large,TELANGANA,RABI,0.5
Telangana,WARANGAL,Rice,2015,Kharif     ,127156.0,402403.0,3.16,0.316,3.1646402843750985,Very Large,TELANGANA,KHARIF,0.5
Telangana,WARANGAL,Rice,2015,Rabi       ,53917.0,170539.0,3.16,0.316,3.162991264350761,Very Large,TELANGANA,RABI,0.5
Telangana,WARANGAL,Rice,2016,Kharif     ,30358.0,104310.0,3.44,0.344,3.4359971012583173,Very Large,TELANGANA,KHARIF,0.5
Telangana,WARANGAL,Rice,2016,Rabi       ,26492.0,105438.0,3.98,0.398,3.9799939604408876,Very Large,TELANGANA,RABI,0.5
Telangana,WARANGAL,Rice,2017,Kharif     ,36097.0,89376.0,2.48,0.248,2.4759952350610854,Very Large,TELANGANA,KHARIF,0.5
Telangana,WARANGAL,Rice,2017,Rabi       ,17903.0,57898.0,3.23,0.323,3.2339831313187735,Very Large,TELANGANA,RABI,0.5
Telangana,WARANGAL,Rice,2018,Kharif     ,38187.0,127659.0,3.34,0.33399999999999996,3.3429963076439626,Very Large,TELANGANA,KHARIF,0.5
Telangana,WARANGAL,Rice,2018,Rabi       ,16052.0,55347.0,3.45,0.34500000000000003,3.4479815599302266,Very Large,TELANGANA,RABI,0.5
Telangana,WARANGAL,Rice,2019,Kharif     ,42972.0,147480.0,3.43,0.343,3.4320022340128458,Very Large,TELANGANA,KHARIF,0.5
Telangana,WARANGAL,Rice,2019,Rabi       ,36696.0,138784.0,3.78,0.378,3.7819925877479834,Very Large,TELANGANA,RABI,0.5
Telangana,YADADRI,Rice,2016,Kharif     ,32083.0,108088.0,3.37,0.337,3.3690116260948164,Very Large,TELANGANA,KHARIF,0.5
Telangana,YADADRI,Rice,2016,Rabi       ,45693.0,175370.0,3.84,0.384,3.8380058214606176,Very Large,TELANGANA,RABI,0.5
Telangana,YADADRI,Rice,2017,Kharif     ,51081.0,169078.0,3.31,0.331,3.3099978465574282,Very Large,TELANGANA,KHARIF,0.5
Telangana,YADADRI,Rice,2017,Rabi       ,47849.0,173261.0,3.62,0.362,3.6209952141110575,Very Large,TELANGANA,RABI,0.5
Telangana,YADADRI,Rice,2018,Kharif     ,47562.0,160712.0,3.38,0.33799999999999997,3.3790000420503765,Very Large,TELANGANA,KHARIF,0.5
Telangana,YADADRI,Rice,2018,Rabi       ,39128.0,137965.0,3.53,0.353,3.5259916172561847,Very Large,TELANGANA,RABI,0.5
Telangana,YADADRI,Rice,2019,Kharif     ,52183.0,196104.0,3.76,0.376,3.7580054807121095,Very Large,TELANGANA,KHARIF,0.5
Telangana,YADADRI,Rice,2019,Rabi       ,80400.0,285581.0,3.55,0.355,3.552002487562189,Very Large,TELANGANA,RABI,0.5
